{
  "opDur": [
    3,
    2,
    3,
    4,
    2,
    3,
    3,
    6,
    4,
    6,
    2,
    6,
    4,
    4,
    5,
    5,
    2,
    6,
    6,
    5,
    6,
    5,
    5,
    4,
    5,
    3,
    4,
    4,
    2,
    2,
    2,
    3,
    4,
    2,
    4,
    2,
    3,
    2,
    5,
    3,
    6,
    5,
    6,
    3,
    5,
    3,
    4,
    6,
    2,
    6,
    2,
    4,
    4,
    6,
    5,
    4,
    4,
    2,
    6,
    2,
    3,
    4,
    2,
    3,
    6,
    4,
    3,
    3,
    4,
    4,
    4,
    6,
    5,
    4,
    5,
    4,
    3,
    2,
    4,
    6,
    2,
    2,
    5,
    5,
    5,
    2,
    5,
    5,
    5,
    5,
    2,
    2,
    2,
    3,
    2,
    3,
    5,
    3,
    5,
    6
  ],
  "cNum": [
    1,
    4,
    5,
    4,
    1,
    2,
    2,
    4,
    2,
    2,
    3,
    3,
    3,
    4,
    1,
    5,
    3,
    5,
    5,
    2,
    3,
    4,
    5,
    5,
    4,
    5,
    3,
    3,
    2,
    1,
    1,
    5,
    1,
    2,
    4,
    2,
    2,
    3,
    1,
    5,
    5,
    4,
    1,
    1,
    4,
    3,
    1,
    5,
    3,
    2,
    5,
    3,
    2,
    2,
    1,
    5,
    3,
    3,
    2,
    3,
    4,
    3,
    5,
    2,
    2,
    1,
    5,
    5,
    3,
    3,
    5,
    1,
    2,
    4,
    2,
    2,
    5,
    1,
    2,
    2,
    4,
    5,
    2,
    2,
    2,
    2,
    4,
    3,
    5,
    5,
    2,
    4,
    1,
    5,
    1,
    5,
    5,
    3,
    4,
    4
  ],
  "xCoor": [
    20,
    1,
    15,
    36,
    42,
    11,
    43,
    32,
    52,
    48,
    31,
    35,
    21,
    46,
    55,
    6,
    17,
    9,
    39,
    26,
    46,
    13,
    53,
    21,
    51,
    19,
    25,
    4,
    14,
    3,
    21,
    47,
    48,
    16,
    22,
    56,
    29,
    43,
    47,
    43,
    43,
    15,
    17,
    23,
    43,
    11,
    20,
    2,
    23,
    37,
    35,
    4,
    47,
    41,
    10,
    23,
    2,
    32,
    41,
    4,
    2,
    16,
    3,
    1,
    15,
    42,
    21,
    5,
    53,
    4,
    23,
    43,
    28,
    9,
    14,
    29,
    28,
    10,
    23,
    20,
    12,
    42,
    22,
    47,
    51,
    48,
    27,
    25,
    1,
    27,
    58,
    17,
    35,
    35,
    52,
    48,
    44,
    46,
    30,
    49
  ],
  "FA": [
    {
      "set": [
        1,
        7,
        21,
        39,
        45,
        47,
        65,
        71,
        77,
        85,
        86,
        89
      ]
    },
    {
      "set": [
        3,
        16,
        28,
        31,
        49,
        81
      ]
    },
    {
      "set": [
        6,
        9,
        15,
        19,
        22,
        26,
        36,
        53,
        58
      ]
    },
    {
      "set": [
        18,
        20,
        55,
        97
      ]
    },
    {
      "set": [
        40,
        51,
        62,
        66,
        68,
        75,
        87,
        90,
        95
      ]
    },
    {
      "set": [
        17,
        41,
        50,
        57,
        61,
        83,
        100
      ]
    },
    {
      "set": [
        4,
        5,
        29,
        44,
        60,
        64,
        79,
        82
      ]
    },
    {
      "set": [
        34,
        48,
        54,
        63,
        70,
        78,
        84
      ]
    },
    {
      "set": [
        8,
        12,
        25,
        56,
        67,
        69,
        72,
        74,
        98,
        99
      ]
    },
    {
      "set": [
        2,
        10,
        30,
        32,
        37,
        38,
        73,
        93
      ]
    },
    {
      "set": [
        11,
        24,
        33,
        46,
        52,
        76,
        91,
        92,
        96
      ]
    },
    {
      "set": [
        13,
        14,
        23,
        27,
        35,
        42,
        43,
        59,
        80,
        88,
        94
      ]
    }
  ],
  "airlines": 12,
  "flights": 100,
  "times": 60
}